{"cameraMode":{"drawMode":0,"name":"Shaded","section":"Shading Mode"},"sceneLighting":true,"audioPlay":false,"sceneViewState":{"showFog":true,"showMaterialUpdate":true,"showSkybox":true,"showFlares":true,"showImageEffects":true,"showParticleSystems":true},"in2DMode":false,"pivot":{"x":10.205423355102539,"y":2.7910654544830324,"z":30.98819351196289},"rotation":{"x":0.002262077759951353,"y":-0.9679263234138489,"z":0.008722709491848946,"w":0.2510727345943451},"size":17.041196823120118,"orthographic":false}