{"cameraMode":{"drawMode":0,"name":"Shaded","section":"Shading Mode"},"sceneLighting":true,"audioPlay":false,"sceneViewState":{"showFog":true,"showMaterialUpdate":true,"showSkybox":true,"showFlares":true,"showImageEffects":true,"showParticleSystems":true},"in2DMode":false,"pivot":{"x":-0.9177541732788086,"y":-0.9968867897987366,"z":11.800801277160645},"rotation":{"x":0.21562160551548005,"y":-0.4693135619163513,"z":0.11934053152799607,"w":0.8479445576667786},"size":10.0,"orthographic":false}