{"cameraMode":{"drawMode":0,"name":"Shaded","section":"Shading Mode"},"sceneLighting":true,"audioPlay":false,"sceneViewState":{"showFog":true,"showMaterialUpdate":true,"showSkybox":true,"showFlares":true,"showImageEffects":true,"showParticleSystems":true},"in2DMode":false,"pivot":{"x":-8.979816436767579,"y":0.37990522384643557,"z":17.10466957092285},"rotation":{"x":0.10040515661239624,"y":0.6897739768028259,"z":-0.0974932387471199,"w":0.7103702425956726},"size":17.041196823120118,"orthographic":false}